<?xml version="1.0" encoding="UTF-8"?>
<project-private xmlns="http://www.netbeans.org/ns/project-private/1">
    <editor-bookmarks xmlns="http://www.netbeans.org/ns/editor-bookmarks/2" lastBookmarkId="0"/>
    <open-files xmlns="http://www.netbeans.org/ns/projectui-open-files/2">
        <group>
            <file>file:/L:/Docencia/Material_Moduls/UPC/PROP/CURS_PROP_Q1/0_Laboratori/9Oust/Oust/src/edu/upc/epsevg/prop/oust/HeadlessGame.java</file>
            <file>file:/L:/Docencia/Material_Moduls/UPC/PROP/CURS_PROP_Q1/0_Laboratori/9Oust/Oust/src/edu/upc/epsevg/prop/oust/Board.java</file>
            <file>file:/L:/Docencia/Material_Moduls/UPC/PROP/CURS_PROP_Q1/0_Laboratori/9Oust/Oust/src/edu/upc/epsevg/prop/oust/Game.java</file>
            <file>file:/L:/Docencia/Material_Moduls/UPC/PROP/CURS_PROP_Q1/0_Laboratori/9Oust/Oust/src/edu/upc/epsevg/prop/oust/players/RandomPlayer.java</file>
        </group>
    </open-files>
</project-private>
